{"cameraMode":{"drawMode":0,"name":"Shaded","section":"Shading Mode"},"sceneLighting":false,"audioPlay":false,"sceneViewState":{"showFog":true,"showMaterialUpdate":true,"showSkybox":false,"showFlares":true,"showImageEffects":true,"showParticleSystems":true},"in2DMode":false,"pivot":{"x":18.498249053955079,"y":-5.0734429359436039,"z":-3.3836729526519777},"rotation":{"x":-0.08816005289554596,"y":-0.7558714747428894,"z":0.104063481092453,"w":-0.6404080986976624},"size":10.0,"orthographic":false}